{"1": 0.41090738128819937, "2": 0.18147625763986835, "3": 0.12035731076633756, "4": 0.07898448519040903, "5": 0.0615890926187118, "6": 0.04842501175364363, "7": 0.04184297132110954, "8": 0.02914903620122238, "9": 0.027268453220498354}